time_stamp, x, y, z, qw, qx, qy, qz
1532146076.122616, -0.402198, 0.573607, -0.0311412, 0.999998, -0.000183436, -0.00058637, 0.00204122
